siteID,project
DWORBARPA1,Neighborhood Nestwatch
GALVLIBPA2,Neighborhood Nestwatch
LEEJOEPA1,Neighborhood Nestwatch
LYNCPATPA1,Neighborhood Nestwatch
JOHNJUDPA1,Neighborhood Nestwatch
MEALRYAPA1,Neighborhood Nestwatch
PINKSUSPA1,Neighborhood Nestwatch
PRASJOHPA1,Neighborhood Nestwatch
RAVECATPA1,Neighborhood Nestwatch
SADLCHRPA1,Neighborhood Nestwatch
SEVEMARPA1,Neighborhood Nestwatch
YEANDAVPA1,Neighborhood Nestwatch
WATSJOSFL1,Neighborhood Nestwatch
FLAMSCOFL1,Neighborhood Nestwatch
LOWRSTEFL1,Neighborhood Nestwatch
WILLJIMFL1,Neighborhood Nestwatch
MANEXXXFL1,Neighborhood Nestwatch
GLORPETNC1,Neighborhood Nestwatch
FULLPAMFL1,Neighborhood Nestwatch
MCCRSARNC1,Neighborhood Nestwatch
HOUSLINCO1,Neighborhood Nestwatch
ROSNEDWMA1,Neighborhood Nestwatch
RYANJOSMA1,Neighborhood Nestwatch
RYBAELAMA1,Neighborhood Nestwatch
BROWANNDC1,Neighborhood Nestwatch
BROWANNMD1,Neighborhood Nestwatch
ROHRSALMD1,Neighborhood Nestwatch
BARBJERMD1,Neighborhood Nestwatch
BOONGREMD2,Neighborhood Nestwatch
PERNMIKMD1,Neighborhood Nestwatch
FISHFERVA1,Neighborhood Nestwatch
KNIGSALVA1,Neighborhood Nestwatch
DOWDMIRNC1,Neighborhood Nestwatch
DURBLAUNC1,Neighborhood Nestwatch
FERNKARNC1,Neighborhood Nestwatch
FOSTSTENC1,Neighborhood Nestwatch
GERWJOHNC1,Neighborhood Nestwatch
GLORPETNC2,Neighborhood Nestwatch
HARABARNC1,Neighborhood Nestwatch
HARVSUENC1,Neighborhood Nestwatch
IVESALINC1,Neighborhood Nestwatch
JENSKEINC1,Neighborhood Nestwatch
KALIELINC1,Neighborhood Nestwatch
KNIGKENNC2,Neighborhood Nestwatch
LIPSMARNC1,Neighborhood Nestwatch
MANDMARNC1,Neighborhood Nestwatch
MCCODINNC1,Neighborhood Nestwatch
PENNGRANC1,Neighborhood Nestwatch
SALITYLNC1,Neighborhood Nestwatch
SANFTIFNC1,Neighborhood Nestwatch
SIMPEDWNC1,Neighborhood Nestwatch
SPEAMARNC2,Neighborhood Nestwatch
TAYLJERNC1,Neighborhood Nestwatch
WALTANNNC1,Neighborhood Nestwatch
WANGMATNC1,Neighborhood Nestwatch
WILLAMBNC1,Neighborhood Nestwatch
WOLFMARNC1,Neighborhood Nestwatch
WOUKKARNC1,Neighborhood Nestwatch
BURGMARCO1,Neighborhood Nestwatch
HAGODEBCO1,Neighborhood Nestwatch
HAZEALICO1,Neighborhood Nestwatch
HISKSUZCO1,Neighborhood Nestwatch
SCHLJOYPA1,Neighborhood Nestwatch
SCHNLAUPA1,Neighborhood Nestwatch
SHAHMAUFL1,Neighborhood Nestwatch
SHAIKAIPA1,Neighborhood Nestwatch
SHERNYLGA1,Neighborhood Nestwatch
SILVCELFL1,Neighborhood Nestwatch
SITEID,cach
SKRALOUNC1,Neighborhood Nestwatch
SMOKELEGA1,Neighborhood Nestwatch
SOLOJACPA1,Neighborhood Nestwatch
SPEAMARNC1,Neighborhood Nestwatch
SPEMARMD1,cach
SPRIHILPA1,Neighborhood Nestwatch
STACTIMPA1,Neighborhood Nestwatch
STEIJANPA1,Neighborhood Nestwatch
STEPGREFL1,Neighborhood Nestwatch
STEPMARGA1,Neighborhood Nestwatch
STERKATPA1,Neighborhood Nestwatch
STEUCHRVA1,cach
STEUCHRVA2,cach
STOKNITGA1,Neighborhood Nestwatch
STORLISPA1,Neighborhood Nestwatch
STRAELEGA1,Neighborhood Nestwatch
STRARICFL1,Neighborhood Nestwatch
SUARERIFL1,Neighborhood Nestwatch
SWALDAWGA1,Neighborhood Nestwatch
TABARENPA1,Neighborhood Nestwatch
TALEKELGA1,Neighborhood Nestwatch
TIDMLOUGA1,Neighborhood Nestwatch
TOTHCARGA1,Neighborhood Nestwatch
TRACBRIGA1,Neighborhood Nestwatch
VASAJODPA1,Neighborhood Nestwatch
VIDAREBPA1,Neighborhood Nestwatch
VIDIJULPA1,Neighborhood Nestwatch
VONMGREFL1,Neighborhood Nestwatch
WALDSCHPA1,Neighborhood Nestwatch
WALKJOEPA1,Neighborhood Nestwatch
WALKJOEPA2,Neighborhood Nestwatch
WALNCRENC1,Neighborhood Nestwatch
WEBBTOMFL1,Neighborhood Nestwatch
WEINANIPA1,Neighborhood Nestwatch
WEISDONPA1,Neighborhood Nestwatch
WELLBREFL1,Neighborhood Nestwatch
WHITLIZFL1,Neighborhood Nestwatch
WICHJOHGA1,Neighborhood Nestwatch
WIDESTAPA1,Neighborhood Nestwatch
WILEBRAPA1,Neighborhood Nestwatch
WILEKATGA1,Neighborhood Nestwatch
WILKAMYPA1,Neighborhood Nestwatch
WILLMARGA1,Neighborhood Nestwatch
WILLNAHFL1,Neighborhood Nestwatch
WINSEMIGA1,Neighborhood Nestwatch
WINSRAYPA1,Neighborhood Nestwatch
WINTCHAFL1,Neighborhood Nestwatch
WISSSTEGA1,Neighborhood Nestwatch
WOHLLYNPA1,Neighborhood Nestwatch
WOODLPKGA1,Neighborhood Nestwatch
WOODMIDGA1,Neighborhood Nestwatch
YMCAHOMPA1,Neighborhood Nestwatch
YODELAUPA1,Neighborhood Nestwatch
YOPPINCFL1,Neighborhood Nestwatch
ZARYPEGGA1,Neighborhood Nestwatch
NATIAVIPA1,Neighborhood Nestwatch
LOUWLISFL1,Neighborhood Nestwatch
PANJARVCO1,grca
PINERIDCO1,grca
RACKTRACO1,Neighborhood Nestwatch
REIMAMBCO1,Neighborhood Nestwatch
RYANKATCO1,Neighborhood Nestwatch
KAPLRACMA1,Neighborhood Nestwatch
KELLSETMA1,Neighborhood Nestwatch
KINGDAVMA1,Neighborhood Nestwatch
KINGGEOMA1,Neighborhood Nestwatch
KISTSANMA1,Neighborhood Nestwatch
KLOTBRUMA1,Neighborhood Nestwatch
LABOPEGMA1,Neighborhood Nestwatch
LAMBJANMA1,Neighborhood Nestwatch
LANGPETMA1,Neighborhood Nestwatch
LAPPHENMA1,Neighborhood Nestwatch
LATHJANMA1,Neighborhood Nestwatch
LEARKATMA1,Neighborhood Nestwatch
LEELINDMA1,Neighborhood Nestwatch
LERMSUSMA1,Neighborhood Nestwatch
LERMSUSMA2,amro
LERMSUSMA2,Neighborhood Nestwatch
LEWASUSMA1,Neighborhood Nestwatch
MALTELIMA1,Neighborhood Nestwatch
MARTJUAMA1,Neighborhood Nestwatch
MATHLYNMA1,Neighborhood Nestwatch
MATUKEVMA1,Neighborhood Nestwatch
MCKEERIMA1,Neighborhood Nestwatch
MCKICAIMA1,Neighborhood Nestwatch
MCMAANDMA1,Neighborhood Nestwatch
MERIMARMA1,Neighborhood Nestwatch
MIRKJOEMA1,Neighborhood Nestwatch
MORETONMA1,Neighborhood Nestwatch
MORRDONMA1,Neighborhood Nestwatch
MURPELEMA1,Neighborhood Nestwatch
MURPTHEMA1,Neighborhood Nestwatch
NELSKATMA1,Neighborhood Nestwatch
NORMMONMA1,Neighborhood Nestwatch
NUESTFAMA1,Neighborhood Nestwatch
PAGEALLMA1,Neighborhood Nestwatch
PELLLYNMA1,Neighborhood Nestwatch
PELLVOLMA1,Neighborhood Nestwatch
PICKSALMA1,Neighborhood Nestwatch
PIEPSUSMA1,Neighborhood Nestwatch
PRANSABMA1,Neighborhood Nestwatch
REIDLOLMA1,Neighborhood Nestwatch
RICHALMA1,Neighborhood Nestwatch
RINADAVMA1,Neighborhood Nestwatch
ROBIBEAMA1,Neighborhood Nestwatch
ROCHJPMA1,Neighborhood Nestwatch
ROGEANDMA1,Neighborhood Nestwatch
ROMANICMA1,Neighborhood Nestwatch
ROSEJOSMA1,Neighborhood Nestwatch
MITCBARMD1,Neighborhood Nestwatch
MOLIKARMD1,Neighborhood Nestwatch
MONTSUZMD1,cach
MORAANGMD1,Neighborhood Nestwatch
MORAJANMD1,Neighborhood Nestwatch
MORRCHRVA1,Neighborhood Nestwatch
MORRCHRVA1,cach
MORRJESMD1,Neighborhood Nestwatch
MOSMCARMD1,Neighborhood Nestwatch
MULLJOYVA1,Neighborhood Nestwatch
MURTERIMD1,Neighborhood Nestwatch
MUTRCYNMD1,Neighborhood Nestwatch
MUTRCYNVA1,Neighborhood Nestwatch
MYERBRUMD1,Neighborhood Nestwatch
MYERBRUMD1,cach
NADSPAUMD1,cach
NARADESVA1,Neighborhood Nestwatch
NATICATDC1,urbanNestwatch
NATIGALDC1,Neighborhood Nestwatch
NAYLMICMD1,Neighborhood Nestwatch
NAYLMICMD2,Neighborhood Nestwatch
NELSJIMMD1,cach
NICHALIMD1,Neighborhood Nestwatch
NICHSANMD1,Neighborhood Nestwatch
NORTHESMD1,urbanNestwatch
NZPAMAZDC1,Neighborhood Nestwatch
NZPBIRDDC1,nzpBanding
NZPEDZODC1,Neighborhood Nestwatch
NZPSMBCDC1,nzpBanding
OBRICHRMD1,Neighborhood Nestwatch
OBRICHRMD1,cach
ODELVINMD1,Neighborhood Nestwatch
ODELVINMD2,Neighborhood Nestwatch
ODELVINMD2,cach
OHAGKERVA1,cach
OHAGKEVVA1,cach
OMALMADVA1,cach
OMLAKEVMD1,Neighborhood Nestwatch
ONTAHOUDC1,Neighborhood Nestwatch
OPALDPKMD1,grca
OPPEJANMD1,cach
OWENJOHMD1,Neighborhood Nestwatch
OWENKATMD1,Neighborhood Nestwatch
PADORAMVA1,Neighborhood Nestwatch
PALPARKDC1,Neighborhood Nestwatch
PANCSAMMD1,Neighborhood Nestwatch
PARVRONDC1,cach
PATCLORDC1,Neighborhood Nestwatch
PATCLORDC1,cach
PATSNADMD1,Neighborhood Nestwatch
PATTPARMD1,urbanNestwatch
PENISUEMD1,cach
PHARAIMMD1,Neighborhood Nestwatch
PHELCLADC1,Neighborhood Nestwatch
PICCLINMD1,Neighborhood Nestwatch
PICKCREMD1,Neighborhood Nestwatch
PIROELADC1,Neighborhood Nestwatch
PIROELADC1,cach
POMANAMD1,cach
POORLYNMD1,Neighborhood Nestwatch
PORTTESMD1,urbanNestwatch
PRICKIMMD1,cach
PRICMICMD1,cach
PROBSUEMD1,cach
RABIANDMD1,Neighborhood Nestwatch
RASMANAMD1,cach
RAUCDANMD1,Neighborhood Nestwatch
RAUNERIMD1,Neighborhood Nestwatch
RAUNERIMD2,Neighborhood Nestwatch
RAUNERIMD2,cach
RAYTIMMD1,Neighborhood Nestwatch
RCPCG1DC1,Neighborhood Nestwatch
RCPDP1DC1,Neighborhood Nestwatch
RCPHC1DC1,Neighborhood Nestwatch
RCPHC2DC1,Neighborhood Nestwatch
RCPKM1DC1,Neighborhood Nestwatch
RCPNC1DC1,Neighborhood Nestwatch
RCPPH1DC1,Neighborhood Nestwatch
RCPPH2DC1,Neighborhood Nestwatch
RCPPH3DC1,Neighborhood Nestwatch
RCPPM1DC1,Neighborhood Nestwatch
RCPPM2DC1,Neighborhood Nestwatch
RCPRR1DC1,Neighborhood Nestwatch
RCPRS1DC1,Neighborhood Nestwatch
RCPSMBCDC1,urbanNestwatch
RCSVPARMD1,Neighborhood Nestwatch
REEDJENMD1,cach
REIKROBMD1,Neighborhood Nestwatch
REILJENMD1,Neighborhood Nestwatch
REIRJEAMD1,Neighborhood Nestwatch
REITBOBMD1,Neighborhood Nestwatch
REUTSHAMD1,Neighborhood Nestwatch
RICEBOBMD1,cach
RICHLIBMD1,Neighborhood Nestwatch
RIDGHEIDC1,cach
ROBEKRIDC1,cach
ROCKPALMD1,Neighborhood Nestwatch
ROGHTESMD1,urbanNestwatch
ROSAPESMD1,urbanNestwatch
ROTHPAUVA1,Neighborhood Nestwatch
ROTTJEAMD1,cach
RUSHCLAMD1,cach
RUSSJODMD1,Neighborhood Nestwatch
RUTTJORMD1,cach
SALAJENMD1,Neighborhood Nestwatch
SALALISMD1,cach
SALOSHEMD1,Neighborhood Nestwatch
SANFCARMD1,Neighborhood Nestwatch
SARGMARMD1,Neighborhood Nestwatch
SARGMARMD1,cach
SCALMARVA1,cach
SCHILYDMD1,Neighborhood Nestwatch
SCHIMARMD1,Neighborhood Nestwatch
SCHIMARMD1,cach
FREYFREMD1,Neighborhood Nestwatch
test,Neighborhood Nestwatch
MANNJANDC1,Neighborhood Nestwatch
MANNJANDC1,cach
NEWBCARVA1,Neighborhood Nestwatch
NEWBCARVA1,cach
JACKALADC1,Neighborhood Nestwatch
CRONCHRVA2,Neighborhood Nestwatch
OWENDORVA1,Neighborhood Nestwatch
SENZIRINC1,Neighborhood Nestwatch
SORECLYNC1,Neighborhood Nestwatch
WHEEJENNC1,Neighborhood Nestwatch
WILLCAINC1,Neighborhood Nestwatch
PHENTRACO1,Neighborhood Nestwatch
WISSDAMPA1,Neighborhood Nestwatch
WOLFMELPA1,Neighborhood Nestwatch
TEAMKARPA1,Neighborhood Nestwatch
THOMMARPA1,Neighborhood Nestwatch
STALJUDPA1,Neighborhood Nestwatch
TABACARPA1,Neighborhood Nestwatch
THOMDEBPA1,Neighborhood Nestwatch
ADAMVICFL1,Neighborhood Nestwatch
AINSKYLGA1,Neighborhood Nestwatch
ALBEJOAPA1,Neighborhood Nestwatch
ALCACHLPA1,Neighborhood Nestwatch
ALCOKENGA1,Neighborhood Nestwatch
ALLERILGA1,Neighborhood Nestwatch
AMANDRUPA1,Neighborhood Nestwatch
ANDEBRUPA1,Neighborhood Nestwatch
ANDEREBGA1,Neighborhood Nestwatch
ANDRJENFL1,Neighborhood Nestwatch
ARABMOUGA1,Neighborhood Nestwatch
ARGEGIONC1,Neighborhood Nestwatch
ARGYLESGA1,Neighborhood Nestwatch
ARNDKARPA1,Neighborhood Nestwatch
ASTOLAUGA1,Neighborhood Nestwatch
AUSTCLANC1,Neighborhood Nestwatch
BAKEBONGA1,Neighborhood Nestwatch
BALDARTPA1,Neighborhood Nestwatch
BANDCATFL1,Neighborhood Nestwatch
BEARJUSGA1,Neighborhood Nestwatch
BECIBARPA1,Neighborhood Nestwatch
BELMNIKGA1,Neighborhood Nestwatch
BERGANDPA1,Neighborhood Nestwatch
BERNJUNPA1,Neighborhood Nestwatch
BERNKENPA1,Neighborhood Nestwatch
BEVIPETPA1,Neighborhood Nestwatch
BINKJAMGA1,Neighborhood Nestwatch
BLAUVICFL1,Neighborhood Nestwatch
BLOOLEEFL1,Neighborhood Nestwatch
BLUEHPKGA1,Neighborhood Nestwatch
BOBAMICNC1,Neighborhood Nestwatch
BODNGEOPA1,Neighborhood Nestwatch
BONNPATGA1,Neighborhood Nestwatch
BOREJOYPA1,Neighborhood Nestwatch
BOREJOYPA2,Neighborhood Nestwatch
BOSAJOEPA1,Neighborhood Nestwatch
BOTHVERNC1,Neighborhood Nestwatch
BOZESARPA1,Neighborhood Nestwatch
BRADVALGA1,Neighborhood Nestwatch
BRAXBOBGA1,Neighborhood Nestwatch
BREMSARFL1,Neighborhood Nestwatch
BRUNKIMPA1,Neighborhood Nestwatch
BRYAANGFL1,Neighborhood Nestwatch
BURNEESGA1,Neighborhood Nestwatch
CAMPPAUFL1,Neighborhood Nestwatch
CARLDAVFL1,Neighborhood Nestwatch
CARRVIRFL1,Neighborhood Nestwatch
CARTJOYGA1,Neighborhood Nestwatch
CASACORPA1,Neighborhood Nestwatch
CASEANNFL1,Neighborhood Nestwatch
CASESUEPA1,Neighborhood Nestwatch
CASSKATGA1,Neighborhood Nestwatch
CHALMICGA1,Neighborhood Nestwatch
CHAMPAUGA1,Neighborhood Nestwatch
CHANSYLGA1,Neighborhood Nestwatch
CHERNADFL1,Neighborhood Nestwatch
CHIOKELPA1,Neighborhood Nestwatch
CHURCARFL1,Neighborhood Nestwatch
CLAYRUSGA1,Neighborhood Nestwatch
CLYDEPKGA1,grca
COCHJIMPA1,Neighborhood Nestwatch
COCKNICFL1,Neighborhood Nestwatch
COCKTERFL1,Neighborhood Nestwatch
COLLCLAFL1,Neighborhood Nestwatch
COLLJUDNC1,Neighborhood Nestwatch
COLLKEIFL1,Neighborhood Nestwatch
COLSREBPA1,Neighborhood Nestwatch
COOKGLOGA1,Neighborhood Nestwatch
COOPEMSGA1,Neighborhood Nestwatch
CORBAMYNC1,Neighborhood Nestwatch
COSTHOWNC1,Neighborhood Nestwatch
COXANDFL1,Neighborhood Nestwatch
CROSLEXFL1,Neighborhood Nestwatch
CROYKATPA1,Neighborhood Nestwatch
CUSHAMYPA1,Neighborhood Nestwatch
CZEBANGGA1,Neighborhood Nestwatch
DAGGNATNC1,Neighborhood Nestwatch
DAMIMARPA1,Neighborhood Nestwatch
DAVICARGA1,Neighborhood Nestwatch
DAVIJENGA1,Neighborhood Nestwatch
DAYLAUFL1,Neighborhood Nestwatch
DECKJASGA1,Neighborhood Nestwatch
DEENSHEFL1,Neighborhood Nestwatch
DEGELAUNC1,Neighborhood Nestwatch
DEMAMARPA1,Neighborhood Nestwatch
DEMAPATPA1,Neighborhood Nestwatch
DEPHKATPA1,Neighborhood Nestwatch
DESIELAGA1,Neighborhood Nestwatch
DICKEMMGA1,Neighborhood Nestwatch
DILLSHIPA1,Neighborhood Nestwatch
DIMMDIAGA1,Neighborhood Nestwatch
DISALINGA1,Neighborhood Nestwatch
DOJOSUEPA1,Neighborhood Nestwatch
DOMENATPA1,Neighborhood Nestwatch
DONLEDPA1,Neighborhood Nestwatch
DOUGSANFL1,Neighborhood Nestwatch
DOUTMARPA1,Neighborhood Nestwatch
BERASHEPA1,Neighborhood Nestwatch
DOWBENFL1,Neighborhood Nestwatch
DOYLJAMFL1,Neighborhood Nestwatch
DUFFSHAFL1,Neighborhood Nestwatch
DUKTJOHGA1,Neighborhood Nestwatch
DULUADVGA1,Neighborhood Nestwatch
ECKLJULPA1,Neighborhood Nestwatch
EDWALINGA1,Neighborhood Nestwatch
ELINEDPA1,Neighborhood Nestwatch
ELLIJONFL1,Neighborhood Nestwatch
ENDRCINGA1,Neighborhood Nestwatch
ENNEBECFL1,Neighborhood Nestwatch
ENVICHAPA1,Neighborhood Nestwatch
EWINSAMFL1,Neighborhood Nestwatch
FALKSTEGA1,Neighborhood Nestwatch
FARRAMYPA1,Neighborhood Nestwatch
FECHMARPA1,Neighborhood Nestwatch
FEDRMARGA1,Neighborhood Nestwatch
FERKHOLPA1,Neighborhood Nestwatch
FERNBANGA1,Neighborhood Nestwatch
FIGUCHAFL1,Neighborhood Nestwatch
FLAGMARFL1,Neighborhood Nestwatch
FLOWANGGA1,Neighborhood Nestwatch
FLOWPATGA1,Neighborhood Nestwatch
FOYLDONPA1,Neighborhood Nestwatch
FRANMICNC1,Neighborhood Nestwatch
FREEJOHFL1,Neighborhood Nestwatch
FUISLUSVA2,cach
FURRMELGA1,Neighborhood Nestwatch
FUTCROBGA1,Neighborhood Nestwatch
GALLLENNC1,Neighborhood Nestwatch
GALVLIBPA1,Neighborhood Nestwatch
GHILCOLGA1,Neighborhood Nestwatch
GIRLPLAFL1,Neighborhood Nestwatch
GITHFRAGA1,Neighborhood Nestwatch
GORDMARGA1,Neighborhood Nestwatch
GOWAGEOFL1,Neighborhood Nestwatch
GOWAJOAFL1,Neighborhood Nestwatch
GRANIANFL1,Neighborhood Nestwatch
GRANLINPA1,Neighborhood Nestwatch
GREERITGA1,Neighborhood Nestwatch
GRINJENFL1,Neighborhood Nestwatch
GUARMARPA1,Neighborhood Nestwatch
HALLGRAFL1,Neighborhood Nestwatch
HAMINANGA1,Neighborhood Nestwatch
HANDLINPA1,Neighborhood Nestwatch
HANLCORFL1,Neighborhood Nestwatch
HANSAMYNC1,Neighborhood Nestwatch
HARPMOLNC1,Neighborhood Nestwatch
HARRMARGA1,Neighborhood Nestwatch
HARTDELGA1,Neighborhood Nestwatch
HARVJILPA1,Neighborhood Nestwatch
HASHTAMPA1,Neighborhood Nestwatch
HATFGREPA1,Neighborhood Nestwatch
HAWKDIAGA1,Neighborhood Nestwatch
HAWKTERPA1,Neighborhood Nestwatch
HAZZIANFL1,Neighborhood Nestwatch
HEADDOTGA1,Neighborhood Nestwatch
HEALMOLPA1,Neighborhood Nestwatch
HEINANNFL1,Neighborhood Nestwatch
HENJELAFL1,Neighborhood Nestwatch
HENRJAYNC1,Neighborhood Nestwatch
HERBMIRGA1,Neighborhood Nestwatch
HERRJAYFL1,Neighborhood Nestwatch
HICKBARPA1,Neighborhood Nestwatch
HIGHRIVPA1,Neighborhood Nestwatch
HITTJODGA1,Neighborhood Nestwatch
HOGAMELGA1,Neighborhood Nestwatch
HOOVJASPA1,Neighborhood Nestwatch
HOPEDONPA1,Neighborhood Nestwatch
HOPEGREPA1,Neighborhood Nestwatch
HOPKMARGA1,Neighborhood Nestwatch
HORNMARGA1,Neighborhood Nestwatch
HOSTMARFL1,Neighborhood Nestwatch
HOUSEPREFL1,Neighborhood Nestwatch
HOUSJONGA1,Neighborhood Nestwatch
HOYTHARGA1,Neighborhood Nestwatch
HUNTVIRPA1,Neighborhood Nestwatch
HYJUMIKPA1,Neighborhood Nestwatch
INGRBENFL1,Neighborhood Nestwatch
JACOSUSFL1,Neighborhood Nestwatch
JEFFMARPA1,Neighborhood Nestwatch
JENKANGGA1,Neighborhood Nestwatch
JENKANGGA2,Neighborhood Nestwatch
JETTMELGA1,Neighborhood Nestwatch
JOHNMIKNC1,Neighborhood Nestwatch
JOHNNORNC1,Neighborhood Nestwatch
JOHNSCOGA1,Neighborhood Nestwatch
JONEFAIGA1,Neighborhood Nestwatch
JONEHARFL1,Neighborhood Nestwatch
JONENICPA1,Neighborhood Nestwatch
JOSELINPA1,Neighborhood Nestwatch
KANEEVANC1,Neighborhood Nestwatch
KARALIZNC1,Neighborhood Nestwatch
KARMALYPA1,Neighborhood Nestwatch
KARMALYPA2,Neighborhood Nestwatch
KEATELINC1,Neighborhood Nestwatch
KELLERIPA1,Neighborhood Nestwatch
KELSBRENC1,Neighborhood Nestwatch
KENNALAPA1,Neighborhood Nestwatch
KILEHAYPA1,Neighborhood Nestwatch
KILGJACGA1,Neighborhood Nestwatch
KIMBMARGA1,Neighborhood Nestwatch
KINGHOPPA1,Neighborhood Nestwatch
KIPPVISGA1,Neighborhood Nestwatch
KIRSCHRPA1,Neighborhood Nestwatch
KLUBKARFL1,Neighborhood Nestwatch
KNOXMIKFL1,Neighborhood Nestwatch
KOBEDANPA1,Neighborhood Nestwatch
KOCHDONPA1,Neighborhood Nestwatch
KOPCTOMPA1,Neighborhood Nestwatch
KORNHARFL1,Neighborhood Nestwatch
KOSAMICPA1,Neighborhood Nestwatch
KOTCMELGA1,Neighborhood Nestwatch
KOWAELIFL1,Neighborhood Nestwatch
KRATANDFL1,Neighborhood Nestwatch
KRENMARGA1,Neighborhood Nestwatch
KRESMARPA1,Neighborhood Nestwatch
KRIVMAUGA1,Neighborhood Nestwatch
KUMASUPPA1,Neighborhood Nestwatch
LADYKENNC1,Neighborhood Nestwatch
LAMMLAUFL1,Neighborhood Nestwatch
LANETARNC1,Neighborhood Nestwatch
LANTTOMGA1,Neighborhood Nestwatch
LARSLIDPA1,Neighborhood Nestwatch
LATTSTEPA1,Neighborhood Nestwatch
LEEDONGA1,Neighborhood Nestwatch
LENTTERGA1,Neighborhood Nestwatch
LEONMICPA1,Neighborhood Nestwatch
LICHJERFL1,Neighborhood Nestwatch
LINDOLIPA1,Neighborhood Nestwatch
LISVINFL1,Neighborhood Nestwatch
LUISJONFL1,Neighborhood Nestwatch
MACHCHRFL1,Neighborhood Nestwatch
MADJDAVPA1,Neighborhood Nestwatch
MADJDAVPA2,Neighborhood Nestwatch
MAFFANGPA1,Neighborhood Nestwatch
MAIEBILPA1,Neighborhood Nestwatch
MAKAKATPA1,Neighborhood Nestwatch
MAKAKATPA2,Neighborhood Nestwatch
MALLTANPA1,Neighborhood Nestwatch
MANNCARPA1,Neighborhood Nestwatch
MARIJAYGA1,Neighborhood Nestwatch
MATISHAPA1,Neighborhood Nestwatch
MAYECINGA1,Neighborhood Nestwatch
MAYECINGA2,Neighborhood Nestwatch
MAYOAMAGA1,Neighborhood Nestwatch
MAZUJENMD2,cach
MCAUTEDPA1,Neighborhood Nestwatch
MCCAANNGA1,Neighborhood Nestwatch
MCCABARGA1,Neighborhood Nestwatch
MCCLEESPA1,Neighborhood Nestwatch
MCCOWALFL1,Neighborhood Nestwatch
MCDEDAVPA1,Neighborhood Nestwatch
MCGEMANPA1,Neighborhood Nestwatch
MCGRERIPA1,Neighborhood Nestwatch
MEHLMOLPA1,Neighborhood Nestwatch
MICCANNNC1,Neighborhood Nestwatch
MILLELLGA1,Neighborhood Nestwatch
MILLJEFPA1,Neighborhood Nestwatch
MILLKARFL1,Neighborhood Nestwatch
MILLMARFL1,Neighborhood Nestwatch
MINNJEAPA1,Neighborhood Nestwatch
MITCNICPA1,Neighborhood Nestwatch
MOORMATPA1,Neighborhood Nestwatch
MORRDOUPA1,Neighborhood Nestwatch
MORROESPA1,Neighborhood Nestwatch
MOSSZARPA1,Neighborhood Nestwatch
MURPMICGA1,Neighborhood Nestwatch
MURRSANGA1,Neighborhood Nestwatch
NAILJENPA1,Neighborhood Nestwatch
NATURTLFL1,Neighborhood Nestwatch
NEWMCHRGA1,Neighborhood Nestwatch
NEWTMICPA1,Neighborhood Nestwatch
NICHGLONC1,Neighborhood Nestwatch
NICKAESGA1,Neighborhood Nestwatch
NORTLAUGA1,Neighborhood Nestwatch
NOSSANDFL1,Neighborhood Nestwatch
OLMSSTUPA1,Neighborhood Nestwatch
ONEAJACFL1,Neighborhood Nestwatch
OSBEBARNC1,Neighborhood Nestwatch
PAINTOMGA1,Neighborhood Nestwatch
PALUMATFL1,Neighborhood Nestwatch
PAPICHRPA1,Neighborhood Nestwatch
PAPPLISGA1,Neighborhood Nestwatch
PARKDIAGA1,Neighborhood Nestwatch
PARRJOHPA1,Neighborhood Nestwatch
PATCLORDC2,cach
PATTMYRPA1,Neighborhood Nestwatch
PERRJULFL1,Neighborhood Nestwatch
PETETOWPA1,Neighborhood Nestwatch
PFEIJOHFL1,Neighborhood Nestwatch
PFENCHIPA1,Neighborhood Nestwatch
PHILJIMPA1,Neighborhood Nestwatch
PIACRICPA1,Neighborhood Nestwatch
PICKADANC1,Neighborhood Nestwatch
PLACGIRFL1,Neighborhood Nestwatch
PLANANDGA1,Neighborhood Nestwatch
PLAZBUTFL1,Neighborhood Nestwatch
POINANNPA1,Neighborhood Nestwatch
POTEMARNC1,Neighborhood Nestwatch
POVEANGGA1,Neighborhood Nestwatch
PRAIRIDNC1,Neighborhood Nestwatch
PRESANNNC1,Neighborhood Nestwatch
PRESHOUFL1,Neighborhood Nestwatch
PRESPENFL1,Neighborhood Nestwatch
PRITANGGA1,Neighborhood Nestwatch
PROCSONGA1,Neighborhood Nestwatch
PROPSCHPA1,Neighborhood Nestwatch
PROWGARFL1,Neighborhood Nestwatch
RASHMICPA1,Neighborhood Nestwatch
RESIMARPA1,Neighborhood Nestwatch
RICHLAUGA1,Neighborhood Nestwatch
RICHMSGA1,Neighborhood Nestwatch
RIGAMARPA1,Neighborhood Nestwatch
RIVEPATGA1,Neighborhood Nestwatch
RIVEPATGA2,Neighborhood Nestwatch
ROBIRONFL1,Neighborhood Nestwatch
ROBISCOFL1,Neighborhood Nestwatch
ROCKJESPA1,Neighborhood Nestwatch
ROMESUZPA1,Neighborhood Nestwatch
RUDDLINNC1,Neighborhood Nestwatch
RUSHSTEGA1,grca
RYANCATPA1,Neighborhood Nestwatch
RYLAJANGA1,Neighborhood Nestwatch
SABLKARPA1,Neighborhood Nestwatch
SACHLARPA1,Neighborhood Nestwatch
SAHNRAMPA1,Neighborhood Nestwatch
SAPPBILGA1,Neighborhood Nestwatch
SARUANJGA1,Neighborhood Nestwatch
SAVALETPA1,Neighborhood Nestwatch
BOUGROBFL1,Neighborhood Nestwatch
AAROJESFL1,Neighborhood Nestwatch
LAUESARFL1,Neighborhood Nestwatch
CIBUJEAFL1,Neighborhood Nestwatch
CAMPGINFL1,Neighborhood Nestwatch
SCHRCATCO1,Neighborhood Nestwatch
SHARAMACO1,Neighborhood Nestwatch
SULLLORCO1,Neighborhood Nestwatch
TREVDENCO1,Neighborhood Nestwatch
WILTALLCO1,Neighborhood Nestwatch
ABBOTOMCO1,Neighborhood Nestwatch
BIKEPARCO1,grca
BOHLGEOCO1,Neighborhood Nestwatch
DELMMARCO1,Neighborhood Nestwatch
DRISMARCO1,Neighborhood Nestwatch
FRITDENCO1,Neighborhood Nestwatch
GERSREBCO1,Neighborhood Nestwatch
GORNSARCO1,Neighborhood Nestwatch
HAGGHENCO1,Neighborhood Nestwatch
HOUSELICO1,Neighborhood Nestwatch
JANTCARCO1,Neighborhood Nestwatch
KINGHUGCO1,Neighborhood Nestwatch
LORYSPKCO1,grca
NICKSHECO1,Neighborhood Nestwatch
GILLESMA1,Neighborhood Nestwatch
BOGAROXMA1,Neighborhood Nestwatch
STEVLIZMA1,Neighborhood Nestwatch
SCHOGREMA1,Neighborhood Nestwatch
SCIBLINMA1,Neighborhood Nestwatch
SHEAMARMA1,Neighborhood Nestwatch
SHEPLYNMA1,Neighborhood Nestwatch
SHERALEMA1,Neighborhood Nestwatch
SINIKRIMA1,Neighborhood Nestwatch
SLONJOHMA1,Neighborhood Nestwatch
SLONSUSMA1,Neighborhood Nestwatch
SPLAMARMA1,Neighborhood Nestwatch
SPLAMARMA2,Neighborhood Nestwatch
SPRINBGMA1,urbanNestwatch
SPRINRSMA1,urbanNestwatch
STEMMSMA1,urbanNestwatch
STEPJANMA1,grca
STEPJANMA1,Neighborhood Nestwatch
STEVSADMA1,Neighborhood Nestwatch
STIEDAVMA1,Neighborhood Nestwatch
SURNSANMA1,Neighborhood Nestwatch
SURNSCOMA1,Neighborhood Nestwatch
SVECSTEMA1,Neighborhood Nestwatch
TAMBJUDMA1,Neighborhood Nestwatch
THERLARMA1,amro
THERLARMA1,Neighborhood Nestwatch
TOSCPAMMA1,Neighborhood Nestwatch
TOUCWENMA1,Neighborhood Nestwatch
UPACAMSMA1,urbanNestwatch
VALLMEGMA1,Neighborhood Nestwatch
VARLKARMA1,Neighborhood Nestwatch
VEARRICMA1,Neighborhood Nestwatch
VERSMATMA1,Neighborhood Nestwatch
WALSMELMA1,Neighborhood Nestwatch
WARRPAIMA1,grca
WARRPAIMA1,amro
WARRPAIMA1,Neighborhood Nestwatch
WEBERCAMA1,urbanNestwatch
WESCCATMA1,Neighborhood Nestwatch
WHELGWEMA1,Neighborhood Nestwatch
WILDSIEMA1,Neighborhood Nestwatch
WILLJUDMA1,Neighborhood Nestwatch
WILSMARMA1,Neighborhood Nestwatch
WIRZCARMA1,Neighborhood Nestwatch
WOODSANMA1,Neighborhood Nestwatch
YOUNLINMA1,Neighborhood Nestwatch
ZEPHPATMA1,Neighborhood Nestwatch
ZEPKJANMA1,Neighborhood Nestwatch
ZIMMBOBMA1,Neighborhood Nestwatch
ZINNMARMA1,Neighborhood Nestwatch
AKREMICMA1,Neighborhood Nestwatch
AKREMICMA2,Neighborhood Nestwatch
AMESBURMA1,Neighborhood Nestwatch
ANDEHALMA1,Neighborhood Nestwatch
ARCADIAMA1,urbanNestwatch
ATHEJIMMA1,Neighborhood Nestwatch
ATHEJIMMA2,Neighborhood Nestwatch
BAKENANMA1,Neighborhood Nestwatch
BARDBARMA1,Neighborhood Nestwatch
BARSTINMA1,Neighborhood Nestwatch
BELMMELMA1,Neighborhood Nestwatch
BENNBILMA1,Neighborhood Nestwatch
BESWMICMA1,Neighborhood Nestwatch
BGCACORNMA1,urbanNestwatch
BLECLANMA1,Neighborhood Nestwatch
BLONDAVMA1,Neighborhood Nestwatch
BODKANNMA1,Neighborhood Nestwatch
BOUDLYNMA1,Neighborhood Nestwatch
BOWEJOHMA1,Neighborhood Nestwatch
BOYLCOLMA1,Neighborhood Nestwatch
BRIDNATMA1,Neighborhood Nestwatch
BRODDORMA1,Neighborhood Nestwatch
BROOBOBMA1,Neighborhood Nestwatch
BULLTHOMA1,Neighborhood Nestwatch
BURGMARMA1,Neighborhood Nestwatch
BURNNIKMA1,Neighborhood Nestwatch
CALLEVEMA1,Neighborhood Nestwatch
CALVCARMA1,Neighborhood Nestwatch
CANCYOLMA1,Neighborhood Nestwatch
CANNANNMA1,grca
CANNANNMA1,Neighborhood Nestwatch
CASEWENMA1,Neighborhood Nestwatch
CHARANDMA1,Neighborhood Nestwatch
CHICOBGMA1,urbanNestwatch
CHILDPSMA1,urbanNestwatch
CLARBRYMA1,Neighborhood Nestwatch
CODYMELMA1,Neighborhood Nestwatch
CONZBRIMA1,Neighborhood Nestwatch
COURAUDMA1,Neighborhood Nestwatch
CUSHTANMA1,Neighborhood Nestwatch
DAVIJUDMA1,Neighborhood Nestwatch
DAVILAUMA1,Neighborhood Nestwatch
DELUBILMA1,grca
DELUBILMA1,Neighborhood Nestwatch
DOPPJANMA1,grca
DOPPJANMA1,amro
DOPPJANMA1,Neighborhood Nestwatch
DOYLPHIMA1,grca
DOYLPHIMA1,Neighborhood Nestwatch
DROLBARMA1,Neighborhood Nestwatch
ELLIBARMA1,Neighborhood Nestwatch
EMERSWPMA1,Neighborhood Nestwatch
ESPIJUDMA1,Neighborhood Nestwatch
FAERHOWMA1,Neighborhood Nestwatch
FEINLISMA1,Neighborhood Nestwatch
FORDSUSMA1,Neighborhood Nestwatch
FORESPKMA1,urbanNestwatch
FORTJOAMA1,Neighborhood Nestwatch
FORTMARMA1,Neighborhood Nestwatch
GAIEMELMA1,Neighborhood Nestwatch
GIARORCMA1,Neighborhood Nestwatch
GIRLSINMA1,urbanNestwatch
GOLDBETMA1,Neighborhood Nestwatch
GOODNANMA1,Neighborhood Nestwatch
GREERICMA1,Neighborhood Nestwatch
GRIFRACMA1,grca
GRIFRACMA1,amro
GRIFRACMA1,Neighborhood Nestwatch
GRUBBECMA1,Neighborhood Nestwatch
GUISKATMA1,Neighborhood Nestwatch
HALALEEMA1,Neighborhood Nestwatch
HALLJENMA1,Neighborhood Nestwatch
HAMMSHIMA1,Neighborhood Nestwatch
HAYEROBMA1,Neighborhood Nestwatch
HAZZANNMA1,Neighborhood Nestwatch
HENDANNMA1,Neighborhood Nestwatch
HIGGBETMA1,amro
HIGGBETMA1,Neighborhood Nestwatch
HIGHELEMA1,urbanNestwatch
HILBLAUMA1,Neighborhood Nestwatch
HILLSALMA1,Neighborhood Nestwatch
HODGBENMA1,Neighborhood Nestwatch
HOLYOBGMA1,urbanNestwatch
HOLYOYMMA1,urbanNestwatch
HOWAJANMA1,Neighborhood Nestwatch
JAKUJULMA1,Neighborhood Nestwatch
JAKUSTEMA1,Neighborhood Nestwatch
JOHAHEAMA1,Neighborhood Nestwatch
JONEJULMA1,Neighborhood Nestwatch
JONEJULMA2,Neighborhood Nestwatch
KANEBRIMA1,Neighborhood Nestwatch
JACOSYDMD1,Neighborhood Nestwatch
JACOSYDMD1,grca
SILLSCOMD1,Neighborhood Nestwatch
SILLSCOMD1,grca
TATEJUAMD1,Neighborhood Nestwatch
TATEJUAMD1,grca
TANGLAUDC1,Neighborhood Nestwatch
TANGLAUDC1,grca
SCHLROBMD1,Neighborhood Nestwatch
SCHOPAUMD1,Neighborhood Nestwatch
SCHUDONMD1,Neighborhood Nestwatch
SCHUJENMD1,cach
SCOLWENMD1,Neighborhood Nestwatch
SEMMLUTMD1,Neighborhood Nestwatch
SERCGUEMD1,Neighborhood Nestwatch
SEWADIAMD1,cach
SHANEDWMD1,cach
SHAYSARMD1,Neighborhood Nestwatch
SHEEMARMD1,Neighborhood Nestwatch
SIMMJOAVA1,Neighborhood Nestwatch
SIMOROSVA1,Neighborhood Nestwatch
SINGDADMD1,Neighborhood Nestwatch
SINGDADMD1,cach
SINGTONMD1,Neighborhood Nestwatch
SINGVIRDC1,Neighborhood Nestwatch
SINGVIRMD1,Neighborhood Nestwatch
SINGVIRMD1,cach
SLIGOPKMD1,grca
SMITJRMD1,cach
SMITMARMD1,Neighborhood Nestwatch
SOLIAPRMD1,Neighborhood Nestwatch
SOLLCHRMD1,Neighborhood Nestwatch
SOLLCHRMD1,cach
SPETMARMD1,Neighborhood Nestwatch
SPEYPAUMD1,Neighborhood Nestwatch
SPRINPKMD1,grca
STANJEFMD1,Neighborhood Nestwatch
STAVKORMD1,Neighborhood Nestwatch
STEWBETMD1,Neighborhood Nestwatch
STEWBETMD1,cach
STONKERMD1,cach
STORPATMD1,Neighborhood Nestwatch
STUECHRVA1,Neighborhood Nestwatch
SUBRSTEMD1,cach
SUITKATMD1,Neighborhood Nestwatch
SULLPAUVA1,Neighborhood Nestwatch
SULLPAUVA1,cach
SWANELIMD1,Neighborhood Nestwatch
TAUBKAYMD1,cach
TAYLGLOMD1,Neighborhood Nestwatch
TAYLOESVA1,urbanNestwatch
THOMBARMD1,cach
THOMCARMD1,Neighborhood Nestwatch
THOMMARDC1,Neighborhood Nestwatch
THOMSUEMD1,Neighborhood Nestwatch
TINIKATMD1,Neighborhood Nestwatch
TOWNJOADC1,cach
TRAUPATVA1,Neighborhood Nestwatch
TRAUPATVA2,Neighborhood Nestwatch
TRAUPATVA2,cach
TUFTKATMD1,Neighborhood Nestwatch
TUNICATMD1,Neighborhood Nestwatch
UNGELAUDC1,Neighborhood Nestwatch
URBABETMD1,Neighborhood Nestwatch
VERSBETMD1,Neighborhood Nestwatch
VERSBETMD1,cach
VONGJENMD1,Neighborhood Nestwatch
VONGJENMD1,cach
VOSSCOLVA1,Neighborhood Nestwatch
WALKPATVA1,Neighborhood Nestwatch
WALTBONMD1,Neighborhood Nestwatch
WARDDOUVA1,Neighborhood Nestwatch
WARDDOUVA1,cach
WARNJIMDC1,cach
WATSPATDC1,Neighborhood Nestwatch
WATSTERMD1,cach
WELLCARMD1,Neighborhood Nestwatch
WESTNANMD1,cach
WHEATESMD1,Neighborhood Nestwatch
WHEATPKMD1,grca
WHITLAUDC1,Neighborhood Nestwatch
WILDANNVA1,Neighborhood Nestwatch
WILDANNVA1,cach
WILDANNVA2,Neighborhood Nestwatch
WILDANNVA2,cach
WILELINMD1,Neighborhood Nestwatch
WILLCYNVA1,Neighborhood Nestwatch
WILLHOLMD1,cach
WILLMARVA1,Neighborhood Nestwatch
WILLSHAMD1,cach
WILLTERMD1,Neighborhood Nestwatch
WINGJERMD1,Neighborhood Nestwatch
WISECELMD1,Neighborhood Nestwatch
WISECELMD1,cach
WOODELEVA1,Neighborhood Nestwatch
WOODLESMD1,Neighborhood Nestwatch
WOODLESMD1,cach
WOODROWVA1,Neighborhood Nestwatch
WRIGNOAMD1,Neighborhood Nestwatch
WRIGVENMD1,Neighborhood Nestwatch
YOUNELIMD1,Neighborhood Nestwatch
YOUNELIMD1,cach
ZAMBTRAMD1,Neighborhood Nestwatch
ZAMBTRAMD1,cach
ZASTMARMD1,cach
ZEMKSYDVA1,Neighborhood Nestwatch
ZENKBOBMD1,Neighborhood Nestwatch
SMITHCADC1,grca
SIZOOPKDC1,grca
WAPLEESVA1,urbanNestwatch
FRONTROVA1,nzpBanding
MUTRCYNVA2,Neighborhood Nestwatch
LAFOMELVA1,Neighborhood Nestwatch
LAFOMELVA1,grca
WOODPAUVA1,Neighborhood Nestwatch
WOODPAUVA1,cach
OLONMARDC1,Neighborhood Nestwatch
VERSBETMD2,Neighborhood Nestwatch
PERRCHRMD1,Neighborhood Nestwatch
STUECHRVA2,Neighborhood Nestwatch
ADAMELEVA1,Neighborhood Nestwatch
AHMAFATDC1,cach
AIPAVJMD1,cach
ALPEPHIMD1,cach
AMERICOMD1,Neighborhood Nestwatch
ANACMUSDC1,Neighborhood Nestwatch
ANDEMIKMD1,Neighborhood Nestwatch
ANGEPARVA1,cach
ARLINESVA1,urbanNestwatch
BABCSTEDC1,cach
BAILEESVA1,urbanNestwatch
BAINANDMD1,Neighborhood Nestwatch
BAKEKYLDC1,Neighborhood Nestwatch
BALAELEMD1,Neighborhood Nestwatch
BANCRESDC1,urbanNestwatch
BANDKENVA1,grca
BARNDORMD1,Neighborhood Nestwatch
BARNDORMD1,cach
BEALTOMMD1,Neighborhood Nestwatch
BEALTOMMD1,cach
BECKSUSVA1,cach
BENADEBMD1,cach
BENSKATVA1,cach
BERGMICMD1,Neighborhood Nestwatch
BERNCHRMD1,Neighborhood Nestwatch
BLADENSDC1,Neighborhood Nestwatch
BLADMAUMD1,cach
BLOCDAVMD1,Neighborhood Nestwatch
BLOCDAVMD1,cach
BOOKJUDVA1,cach
BOONGREMD1,Neighborhood Nestwatch
BORGRACMD1,Neighborhood Nestwatch
BRENSTEMD1,Neighborhood Nestwatch
BRENSTEMD1,cach
BRENTESDC1,urbanNestwatch
BRIGKIMMD1,Neighborhood Nestwatch
BRIGKIMMD1,cach
BRIGPAUMD1,Neighborhood Nestwatch
BRUEELIMD1,Neighborhood Nestwatch
BUCHELIDC1,cach
BUCKLMSMD1,urbanNestwatch
BUFFJESMD1,cach
BUISNORVA1,Neighborhood Nestwatch
BUISNORVA1,cach
BURDROBVA1,Neighborhood Nestwatch
BURDROBVA1,cach
BURKSANMD1,Neighborhood Nestwatch
BURNNANMD1,Neighborhood Nestwatch
BURRANDMD1,Neighborhood Nestwatch
BURRANDMD2,Neighborhood Nestwatch
BUSHLYNMD1,cach
CAHAGABMD1,Neighborhood Nestwatch
CAINBRIMD1,Neighborhood Nestwatch
CALLJERMD1,Neighborhood Nestwatch
CAMBDJMD1,cach
CAMEPARVA1,cach
CAMPGLOMD1,Neighborhood Nestwatch
CAMPGLOMD1,cach
CAMPLIBMD1,Neighborhood Nestwatch
CAMPROSMD1,Neighborhood Nestwatch
CAMPROSMD1,cach
CANTBOBMD1,Neighborhood Nestwatch
CAPITCSDC1,urbanNestwatch
CARLSHIMD1,Neighborhood Nestwatch
CAUSSUSMD1,Neighborhood Nestwatch
CHAMPARVA1,cach
CHUAMELMD1,cach
CLARKELMD1,Neighborhood Nestwatch
COFFMICMD1,Neighborhood Nestwatch
COLALISMD1,Neighborhood Nestwatch
COLSKATMD1,Neighborhood Nestwatch
COLSKATMD1,cach
CONAGAIMD1,Neighborhood Nestwatch
CONNBARMD1,Neighborhood Nestwatch
CONWJOAMD1,cach
CORCJOEMD1,Neighborhood Nestwatch
CORCJOEMD2,Neighborhood Nestwatch
CORDLESDC1,cach
COTTCITMD1,Neighborhood Nestwatch
COULMARMD1,Neighborhood Nestwatch
COURLESDC1,Neighborhood Nestwatch
COWLANDMD1,Neighborhood Nestwatch
CRISBRUMD1,cach
CRONCHRVA1,Neighborhood Nestwatch
CYLBURNMD1,Neighborhood Nestwatch
CYMRHELDC1,Neighborhood Nestwatch
CYRUALLMD1,Neighborhood Nestwatch
DALEELIMD1,Neighborhood Nestwatch
DANIBARMD1,Neighborhood Nestwatch
DANIBARMD2,Neighborhood Nestwatch
DANIKATMD1,cach
DAVIKELVA1,Neighborhood Nestwatch
DAVIKELVA1,cach
DAVILINMD1,cach
DAWSBOBVA1,cach
DECHKIMMD1,Neighborhood Nestwatch
DECHKIMMD2,Neighborhood Nestwatch
DECHKIMMD2,cach
DELUBILMD1,Neighborhood Nestwatch
DELUKARVA1,Neighborhood Nestwatch
DELUKARVA1,cach
DELUKARVA2,Neighborhood Nestwatch
DELUKARVA2,cach
DELUKARVA3,Neighborhood Nestwatch
DEMBSANMD1,cach
DIETJANMD1,cach
DIXOALIMD1,cach
DODGEESMD1,urbanNestwatch
DONOLORDC1,Neighborhood Nestwatch
DORNROBMD1,Neighborhood Nestwatch
DOVECARVA1,cach
BROOKSIMD1,Neighborhood Nestwatch
DRAKBERMD1,Neighborhood Nestwatch
DUELCREMD1,Neighborhood Nestwatch
DUMBOPKDC1,amro
DUMBOPKDC1,grca
EARLNANMD1,Neighborhood Nestwatch
EBERJACMD1,cach
EDEREDWVA1,Neighborhood Nestwatch
EDEREDWVA1,cach
EDSALOUVA1,cach
EGANMARMD1,Neighborhood Nestwatch
EGANMARMD1,cach
EGGELESVA1,Neighborhood Nestwatch
EGGELESVA1,cach
EISESHOMD1,cach
ENZIKIRMD1,Neighborhood Nestwatch
EVANMICMD1,Neighborhood Nestwatch
EVANMICMD1,cach
EVERJACDC1,cach
FAGABERMD1,Neighborhood Nestwatch
FAGAKELMD1,cach
FAINSANMD1,cach
FAJFSHUVA1,cach
FARYSIMMD1,Neighborhood Nestwatch
FARYSIMMD1,cach
FERRSUEMD1,Neighborhood Nestwatch
FIERCARMD1,cach
FINEMAUMD1,cach
FOLEMARMD1,Neighborhood Nestwatch
FOOSDAVVA1,Neighborhood Nestwatch
FORCBREVA1,Neighborhood Nestwatch
FORESESMD1,urbanNestwatch
FORSDAWMD1,cach
FUISLISVA1,Neighborhood Nestwatch
FUISLISVA2,Neighborhood Nestwatch
FULLRITMD1,cach
FUTRIVAVA1,Neighborhood Nestwatch
GAETHEAMD1,Neighborhood Nestwatch
GAGNSTUMD1,cach
GALETANMD1,Neighborhood Nestwatch
GALLMONVA1,Neighborhood Nestwatch
GALLSARMD1,cach
GALLTERMD1,Neighborhood Nestwatch
GALLTERMD1,cach
GARDVALMD1,Neighborhood Nestwatch
GARDVALMD1,cach
GARRJOAVA1,cach
GATELINMD1,cach
GECACARVA1,Neighborhood Nestwatch
GECACARVA1,cach
GEHRDALMD1,Neighborhood Nestwatch
GELLNERMD1,Neighborhood Nestwatch
GERYERIMD1,Neighborhood Nestwatch
GERYERIMD1,cach
GIBSELAMD1,Neighborhood Nestwatch
GIESALLVA1,Neighborhood Nestwatch
GILLEVAMD1,Neighborhood Nestwatch
GOCHJOAMD1,Neighborhood Nestwatch
GOMEKARMD1,Neighborhood Nestwatch
GORDELIDC1,Neighborhood Nestwatch
GOUGGREMD1,Neighborhood Nestwatch
GRIFBETDC1,Neighborhood Nestwatch
GRIFROGMD1,grca
GROSJEAMD1,Neighborhood Nestwatch
GUIDJOHDC1,cach
GUYTNIKMD1,cach
HADDMARMD1,Neighborhood Nestwatch
HALLDEBVA1,Neighborhood Nestwatch
HAMIMARMD1,Neighborhood Nestwatch
HAMMBARMD1,Neighborhood Nestwatch
HARRASHDC1,cach
HARRPHYMD1,Neighborhood Nestwatch
HARTPRIMD1,Neighborhood Nestwatch
HARWRANDC1,Neighborhood Nestwatch
HAWNJANVA1,Neighborhood Nestwatch
HAYFISCVA1,urbanNestwatch
HEATSUEVA1,Neighborhood Nestwatch
HELFGAIMD1,Neighborhood Nestwatch
HERBJOAMD1,Neighborhood Nestwatch
HERNELEVA1,urbanNestwatch
HESSNATVA1,Neighborhood Nestwatch
HILLTHRVA1,cach
HIRSHHODC1,Neighborhood Nestwatch
HITCHBJMD1,Neighborhood Nestwatch
HOBBANNMD1,cach
HOLLDEBVA1,cach
HOPKBARMD1,cach
HOROBONVA1,Neighborhood Nestwatch
HOROBONVA2,Neighborhood Nestwatch
HUFFCHRVA1,cach
HUFFJANMD1,cach
HULLJEFVA1,Neighborhood Nestwatch
HULLJEFVA1,cach
HUNTBRIMD1,Neighborhood Nestwatch
HUNTDAVMD1,Neighborhood Nestwatch
HUTCBARVA1,Neighborhood Nestwatch
IRVISANMD1,cach
JACOAMYMD1,Neighborhood Nestwatch
JACOMERMD1,Neighborhood Nestwatch
JACOMERMD1,cach
JAKOELVVA1,Neighborhood Nestwatch
JAMESESVA1,urbanNestwatch
JOHNAESVA1,urbanNestwatch
JOHNTHEMD1,Neighborhood Nestwatch
JONECBRMD1,Neighborhood Nestwatch
JONETINMD1,cach
JORABONVA1,Neighborhood Nestwatch
JUBILHODC1,Neighborhood Nestwatch
KANESTAMD1,cach
KAUFLAUMD1,Neighborhood Nestwatch
KAUFRAYMD1,Neighborhood Nestwatch
KAYEKATDC1,cach
KENILWODC1,urbanNestwatch
KESTSABDC1,Neighborhood Nestwatch
KEYESUSMD1,Neighborhood Nestwatch
KIMBAESDC1,urbanNestwatch
KINDFARMD1,Neighborhood Nestwatch
KINGMANDC1,urbanNestwatch
KORRHARMD1,Neighborhood Nestwatch
KOSLDREMD1,Neighborhood Nestwatch
KOVASANMD1,cach
KRAMPAUMD1,Neighborhood Nestwatch
LAINANTMD1,cach
LAKEAESVA1,urbanNestwatch
LAMBAMYMD1,Neighborhood Nestwatch
LANDCELVA1,Neighborhood Nestwatch
LANDCELVA1,cach
LANGANKVA1,Neighborhood Nestwatch
LEONTESDC1,Neighborhood Nestwatch
LEONTESDC1,cach
LERNJEFMD1,Neighborhood Nestwatch
LEWIKATMD1,cach
LIEBJUDMD1,Neighborhood Nestwatch
LIEBJUDMD1,cach
LINDHANMD1,Neighborhood Nestwatch
LINDHANMD1,cach
LLANMATMD1,Neighborhood Nestwatch
LLEISUEDC1,Neighborhood Nestwatch
LORAJORMD1,Neighborhood Nestwatch
LUCAJILMD1,Neighborhood Nestwatch
LUCAJILMD1,cach
LUCIDANMD1,Neighborhood Nestwatch
LUNDTERMD1,cach
LURZPAUMD1,cach
LYCEEESMD1,urbanNestwatch
LYONLYNVA1,Neighborhood Nestwatch
LYONLYNVA1,cach
MAGNDAVMD1,Neighborhood Nestwatch
MAGRPARMD1,Neighborhood Nestwatch
MAHESHEDC1,cach
MAHOJIMMD1,Neighborhood Nestwatch
MAIMLOIMD1,cach
MALLBARMD1,Neighborhood Nestwatch
MARRPETMD1,Neighborhood Nestwatch
MARRPETMD2,Neighborhood Nestwatch
MARRPETMD2,amro
MARRPETMD2,cach
MASIADRMD1,Neighborhood Nestwatch
MASOCASMD1,cach
MASORICMD1,Neighborhood Nestwatch
MAZUJENMD1,Neighborhood Nestwatch
MCCAKEVMD1,Neighborhood Nestwatch
MCCOCHRMD1,Neighborhood Nestwatch
MCCOCHRMD1,cach
MCCOJOHMD1,Neighborhood Nestwatch
MCDODAVMD1,cach
MCFAPAMMD1,cach
MCGHDENMD1,Neighborhood Nestwatch
MCKEANNVA1,Neighborhood Nestwatch
MCKEJANMD1,Neighborhood Nestwatch
MCKIRACDC1,cach
MCLERICMD1,Neighborhood Nestwatch
MCNAKRIMD1,Neighborhood Nestwatch
MCNAKRIMD1,cach
MCQUJACDC1,cach
MEADTHEMD1,cach
MEGOPATMD1,Neighborhood Nestwatch
MEGOPATMD2,Neighborhood Nestwatch
MERRJOAMD1,Neighborhood Nestwatch
MESEBARMD1,Neighborhood Nestwatch
METZNORDC1,cach
MILLJOEMD1,Neighborhood Nestwatch
MILLJOEMD1,cach
MILLPAUMD1,Neighborhood Nestwatch
MILTMIKVA1,Neighborhood Nestwatch
MISBJANMD1,Neighborhood Nestwatch
MISSEDDC1,Neighborhood Nestwatch
HILLAPKVA1,grca
CRUSHRUVA1,grca
JMUARBOVA1,grca
WESTOPKVA1,grca
MCDOELIVA1,Neighborhood Nestwatch
MCDOELIVA1,cach
BALASUCMD1,Neighborhood Nestwatch
BILLPAIDC1,Neighborhood Nestwatch
WOLFAMYDC1,Neighborhood Nestwatch
WOLFAMYDC1,cach
BACHMARNC1,Neighborhood Nestwatch
BAILPATNC1,Neighborhood Nestwatch
KENTADAFL1,Neighborhood Nestwatch
WOLFKARDC1,Neighborhood Nestwatch
GOROCARDC1,Neighborhood Nestwatch
DONOLORDC2,Neighborhood Nestwatch
MILLLORVA1,Neighborhood Nestwatch
ANDRKENVA1,Neighborhood Nestwatch
BAUGSHEVA1,Neighborhood Nestwatch
STURCARMD1,Neighborhood Nestwatch
ASSMCARMD1,Neighborhood Nestwatch
JEWELIBMD1,Neighborhood Nestwatch
GIRAANGMD1,Neighborhood Nestwatch
HANNNANMD1,Neighborhood Nestwatch
HUNTDAVMD2,Neighborhood Nestwatch
WIEBFRAMD1,Neighborhood Nestwatch
BLANBETMD1,Neighborhood Nestwatch
WIKACORMD1,Neighborhood Nestwatch
WILLRAJMD1,Neighborhood Nestwatch
WILLTINVA1,Neighborhood Nestwatch
YOUNKIMVA1,Neighborhood Nestwatch
KAMILEIVA1,Neighborhood Nestwatch
DAVIALIVA1,Neighborhood Nestwatch
BOSCJOEDC1,Neighborhood Nestwatch
CLARCOLDC1,Neighborhood Nestwatch
BEARKARNC1,Neighborhood Nestwatch
BEEGERLNC1,Neighborhood Nestwatch
BROANANNC1,Neighborhood Nestwatch
BUDNNORNC1,Neighborhood Nestwatch
BURGRENNC1,Neighborhood Nestwatch
BURNDENNC1,Neighborhood Nestwatch
CAMPSUSNC1,Neighborhood Nestwatch
CASTTOMNC1,Neighborhood Nestwatch
CONNJOHNC1,Neighborhood Nestwatch
COTTVANNC1,Neighborhood Nestwatch
CRAIJOSNC1,Neighborhood Nestwatch
DEBRMARNC1,Neighborhood Nestwatch
GOINJANNC1,Neighborhood Nestwatch
HAGACOUNC1,Neighborhood Nestwatch
HAHNMARNC1,Neighborhood Nestwatch
HINTLORNC1,Neighborhood Nestwatch
KNIGKENNC1,Neighborhood Nestwatch
LOFLKATNC1,Neighborhood Nestwatch
MEADRUTNC1,Neighborhood Nestwatch
MOSELYNNC1,Neighborhood Nestwatch
NEWTROBNC1,Neighborhood Nestwatch
OWENEDDNC1,Neighborhood Nestwatch
ROBELINNC1,Neighborhood Nestwatch
MARNMELPA1,Neighborhood Nestwatch
ROSETRANC1,Neighborhood Nestwatch
ANDEMARCO1,Neighborhood Nestwatch
FROSKATCO1,Neighborhood Nestwatch
GERKGINCO1,Neighborhood Nestwatch
BARNCYNCO1,Neighborhood Nestwatch
BERNDIACO1,Neighborhood Nestwatch
CARRPAGCO1,Neighborhood Nestwatch
GRIMSHACO1,Neighborhood Nestwatch
HEWILORCO1,Neighborhood Nestwatch
HUTCWAYCO1,Neighborhood Nestwatch
JEANVICCO1,Neighborhood Nestwatch
LEWIADRCO1,Neighborhood Nestwatch
LYBAALICO1,Neighborhood Nestwatch
MARTYVECO1,Neighborhood Nestwatch
QUIMKIMPA1,Neighborhood Nestwatch
AZARCARPA1,Neighborhood Nestwatch
GERBGIGPA1,Neighborhood Nestwatch
COPEHAZPA1,Neighborhood Nestwatch
ALEXROBPA1,Neighborhood Nestwatch
BYERHEAPA1,Neighborhood Nestwatch
SAXTCHRPA1,Neighborhood Nestwatch
GERHEUNPA1,Neighborhood Nestwatch
DICKSUSPA1,Neighborhood Nestwatch
BARTTARPA1,Neighborhood Nestwatch
COMAPATPA1,Neighborhood Nestwatch
RICEMICPA1,Neighborhood Nestwatch
NIKODONPA1,Neighborhood Nestwatch
RALSJIMPA1,Neighborhood Nestwatch
HAUSJIMPA1,Neighborhood Nestwatch
BIREROYPA1,Neighborhood Nestwatch
BAERMIKPA1,Neighborhood Nestwatch
GETZGLEPA1,Neighborhood Nestwatch
MOLLRUSPA1,Neighborhood Nestwatch
GURTMARPA1,Neighborhood Nestwatch
CUNKMARPA1,Neighborhood Nestwatch
KARMALYPA3,Neighborhood Nestwatch
WOHLKENCO1,Neighborhood Nestwatch
CLYMSTEMA1,Neighborhood Nestwatch
HOGPENRVA1,grca
JORGJANMA1,Neighborhood Nestwatch
ROBEKATCO1,Neighborhood Nestwatch
DELUBILMA2,Neighborhood Nestwatch
BIRDCONCO1,Neighborhood Nestwatch
PETRDAVCO1,Neighborhood Nestwatch
RESZJAYCO1,Neighborhood Nestwatch
SARGLANCO1,Neighborhood Nestwatch
STROJEACO1,Neighborhood Nestwatch
SULLKELCO1,Neighborhood Nestwatch
THOMGRECO1,Neighborhood Nestwatch
WARDROYCO1,Neighborhood Nestwatch
WILLTOMCO1,Neighborhood Nestwatch
